model,harness,task,verdict,leaked,totalTimeS,agentTimeS,rounds,tokTotal,tokIn,tokOut,cacheRead,cacheWrite,costUSD,costOfficialUSD,insertions,deletions,firstPromptTokens,expertActive,expertJudgments,expertSilences,expertSteers,expertAccepted,expertRejected,expertStaleDrops,expertErrors,expertPromptTokens,expertCachedTokens,expertCompletionTokens,turns,toolCalls,readSingle,readBatch,grepCalls,bashCalls,editCalls,writeCalls,discoverCalls,discoverRegistry,discoverComponent,discoverToolSchemas,discoverQuery,discoverAnswers,discoverBytes,invokeCalls,shopping
deepseek-v4-flash,dsh,t01-roman,pass,false,9.4,9.3,1,40906,6758,740,33408,0,0.000000,0.0031158479999999996,13,1,5685,false,0,0,0,0,0,0,0,0,0,0,6,5,1,0,,2,2,,,,,,,,,,
deepseek-v4-flash,dsh,t02-jsonrepair,pass,false,22.4,22.3,1,69063,7550,3657,57856,0,0.000000,0.007000536,72,1,5737,false,0,0,0,0,0,0,0,0,0,0,8,7,1,0,,4,,2,,,,,,,,,
deepseek-v4-flash,dsh,t03-ringbuffer,pass,false,15,14.5,1,52884,7420,1432,44032,0,0.000000,0.004208592,19,4,5704,false,0,0,0,0,0,0,0,0,0,0,7,7,2,0,,2,2,,,,,,,,,,
deepseek-v4-flash,dsh,t04-csvbugfix,pass,false,7.8,7.8,1,34115,6619,616,26880,0,0.000000,0.00288618,3,3,5663,false,0,0,0,0,0,0,0,0,0,0,5,5,1,0,,3,1,,,,,,,,,,
deepseek-v4-flash,dsh,t05-todostore,pass,false,8.9,8.8,1,36284,7310,814,28160,0,0.000000,0.00333876,21,4,5647,false,0,0,0,0,0,0,0,0,0,0,5,6,2,0,,3,,1,,,,,,,,,
deepseek-v4-flash,dsh,t06-stackvm,pass,false,35.2,35.1,1,93229,12297,8100,72832,0,0.000000,0.013846092,160,62,5689,false,0,0,0,0,0,0,0,0,0,0,6,10,4,0,,4,,2,,,,,,,,,
deepseek-v4-flash,dsh,t07-validate,pass,false,11.1,11.1,1,50478,8514,1260,40704,0,0.000000,0.004310424,17,7,5656,false,0,0,0,0,0,0,0,0,0,0,6,7,2,0,,4,,1,,,,,,,,,
deepseek-v4-flash,dsh,t08-logsum,pass,false,12.3,12.1,1,41189,7878,1823,31488,0,0.000000,0.004739928,72,2,5653,false,0,0,0,0,0,0,0,0,0,0,5,9,6,0,,2,,1,,,,,,,,,
deepseek-v4-flash,dsh,t09-poolrace,pass,false,15.9,15.8,1,52466,7120,1442,43904,0,0.000000,0.004129824,6,1,5672,false,0,0,0,0,0,0,0,0,0,0,7,6,1,0,,3,1,1,,,,,,,,,
deepseek-v4-flash,dsh,t10-iniparse,pass,false,14.8,13.3,1,38352,7469,1315,29568,0,0.000000,0.003996108,6,5,5660,false,0,0,0,0,0,0,0,0,0,0,5,5,2,0,,2,1,,,,,,,,,,
deepseek-v4-flash,dsh,t11-asyncbugs,pass,false,17.1,16.9,1,82123,8500,1943,71680,0,0.000000,0.00531168,7,6,5657,false,0,0,0,0,0,0,0,0,0,0,10,9,1,0,,4,4,,,,,,,,,,
deepseek-v4-flash,dsh,t12-refactor,pass,false,9,9,1,35511,7019,844,27648,0,0.000000,0.003284388,2,4,5662,false,0,0,0,0,0,0,0,0,0,0,5,7,2,0,,3,1,,,,,,,,,,
deepseek-v4-flash,dsh,t13-batchrename,pass,false,7.2,7,1,28720,7544,440,20736,0,0.000000,0.0029156159999999998,27,27,5679,false,0,0,0,0,0,0,0,0,0,0,4,3,0,0,,3,,,,,,,,,,,
deepseek-v4-flash,dsh,t14-todosweep,pass,false,12.4,12.4,1,47285,7820,1449,38016,0,0.000000,0.004312896000000001,18,0,5673,false,0,0,0,0,0,0,0,0,0,0,6,5,0,0,,4,,1,,,,,,,,,
deepseek-v4-flash,dsh,t15-pollstats,pass,false,9.7,9.4,1,22601,6800,1465,14336,0,0.000000,0.003884016,1,0,5683,false,0,0,0,0,0,0,0,0,0,0,3,6,4,0,,2,,,,,,,,,,,
deepseek-v4-flash,dsh,t16-apisum,pass,false,9.9,8.8,1,35341,7203,618,27520,0,0.000000,0.00306762,22,0,5686,false,0,0,0,0,0,0,0,0,0,0,5,8,4,0,,3,,1,,,,,,,,,
deepseek-v4-flash,dsh,t17-doccheck,pass,false,36,35.8,1,142188,9838,6142,126208,0,0.000000,0.011079048,137,0,5764,false,0,0,0,0,0,0,0,0,0,0,12,25,8,0,,7,8,2,,,,,,,,,
deepseek-v4-flash,dsh,t18-lruttl,pass,false,15.7,15.6,1,58129,8744,2665,46720,0,0.000000,0.006101519999999999,96,12,5672,false,0,0,0,0,0,0,0,0,0,0,6,5,1,0,,2,,2,,,,,,,,,
deepseek-v4-flash,dsh,t19-tokbucket,pass,false,13.1,13,1,60999,9021,1802,50176,0,0.000000,0.005169755999999999,26,11,5649,false,0,0,0,0,0,0,0,0,0,0,7,6,2,0,,2,2,,,,,,,,,,
deepseek-v4-flash,dsh,t20-jsonpatch,pass,false,28.8,28.7,1,57851,9557,6054,42240,0,0.000000,0.01038534,185,13,5667,false,0,0,0,0,0,0,0,0,0,0,5,6,2,0,,3,,1,,,,,,,,,
deepseek-v4-flash,dsh,t21-wireproto,pass,false,18.6,18.4,1,63644,8911,3661,51072,0,0.000000,0.007372932,65,8,5650,false,0,0,0,0,0,0,0,0,0,0,6,5,1,0,,2,,2,,,,,,,,,
deepseek-v4-flash,dsh,t22-cronnext,pass,false,30,29.9,1,83356,9924,5848,67584,0,0.000000,0.010400304,114,16,5668,false,0,0,0,0,0,0,0,0,0,0,7,6,1,0,,3,,2,,,,,,,,,
deepseek-v4-flash,dsh,t23-mergesched,pass,false,17.8,17.7,1,62615,8255,2648,51712,0,0.000000,0.005964372,78,4,5648,false,0,0,0,0,0,0,0,0,0,0,7,6,2,0,,2,,2,,,,,,,,,
deepseek-v4-flash,dsh,t24-editops,pass,false,25.9,25.7,1,71376,9181,4467,57728,0,0.000000,0.008461067999999999,111,6,5660,false,0,0,0,0,0,0,0,0,0,0,7,8,3,0,,4,,1,,,,,,,,,
deepseek-v4-flash,dsh,t25-shardmap,pass,false,15.9,15.8,1,55829,8703,2326,44800,0,0.000000,0.0056709,82,16,5664,false,0,0,0,0,0,0,0,0,0,0,6,5,1,0,,2,,2,,,,,,,,,
deepseek-v4-flash,dsh,t26-logfilter,pass,false,40.2,40.1,1,73658,8417,8793,56448,0,0.000000,0.013415388,240,4,5635,false,0,0,0,0,0,0,0,0,0,0,6,7,2,0,,4,,1,,,,,,,,,
deepseek-v4-flash,dsh,t27-tarpeek,pass,false,46.9,45.9,1,89978,9546,8112,72320,0,0.000000,0.01303212,75,1,5664,false,0,0,0,0,0,0,0,0,0,0,7,9,3,0,,5,,1,,,,,,,,,
deepseek-v4-flash,dsh,t28-docbackfill,pass,false,16,15.8,1,57858,8272,1458,48128,0,0.000000,0.004519968,18,9,5719,false,0,0,0,0,0,0,0,0,0,0,7,6,0,0,,6,,,,,,,,,,,
deepseek-v4-flash,dsh,t29-logrollup,pass,false,6.3,6.2,1,20473,6772,517,13184,0,0.000000,0.002731104,436,0,5703,false,0,0,0,0,0,0,0,0,0,0,3,3,0,0,,3,,,,,,,,,,,
deepseek-v4-flash,dsh,t30-ifacedrift,pass,false,12.6,12.4,1,58127,11159,1016,45952,0,0.000000,0.004842611999999999,48,48,5701,false,0,0,0,0,0,0,0,0,0,0,6,5,0,0,,5,,,,,,,,,,,
deepseek-v4-flash,dsh,t31-tinyrename,pass,false,12.4,12.2,1,39617,7983,1426,30208,0,0.000000,0.004287348,6,6,5661,false,0,0,0,0,0,0,0,0,0,0,5,13,6,0,,2,5,,,,,,,,,,
deepseek-v4-flash,niffler,t01-roman,pass,false,4.1,3.8,1,7964,2578,394,4992,0,0.001319,0.0012761519999999998,19,1,1916,false,0,0,0,0,0,0,0,0,0,0,3,2,0,0,,2,,,0,0,0,0,0,0,0,0,false
deepseek-v4-flash,niffler,t02-jsonrepair,pass,false,16.6,16.5,1,26096,3136,2992,19968,0,0.004857,0.004651008,102,1,2723,false,0,0,0,0,0,0,0,0,0,0,5,4,0,0,,3,,1,0,0,0,0,0,0,0,0,false
deepseek-v4-flash,niffler,t03-ringbuffer,pass,false,9.4,8.9,1,16807,2213,770,13824,0,0.001891,0.001670844,16,4,2692,false,0,0,0,0,0,0,0,0,0,0,4,4,0,0,,3,1,,0,0,0,0,0,0,0,0,false
deepseek-v4-flash,niffler,t04-csvbugfix,pass,false,7.7,7.6,1,19397,2011,618,16768,0,0.001743,0.001445508,3,3,2649,false,0,0,0,0,0,0,0,0,0,0,5,5,1,0,,3,1,,0,0,0,0,0,0,0,0,false
deepseek-v4-flash,niffler,t05-todostore,pass,false,9.1,9,1,20423,2508,635,17280,0,0.001918,0.0016180800000000003,18,4,2633,false,0,0,0,0,0,0,0,0,0,0,5,4,0,0,,3,1,,0,0,0,0,0,0,0,0,false
deepseek-v4-flash,niffler,t06-stackvm,pass,false,31.4,31.2,1,79051,7266,6377,65408,0,0.011157,0.010224648,188,46,2676,false,0,0,0,0,0,0,0,0,0,0,7,11,5,0,,3,,3,0,0,0,0,0,0,0,0,false
deepseek-v4-flash,niffler,t07-validate,pass,false,10.3,10.2,1,26694,4188,1130,21376,0,0.003072,0.0027406559999999993,6,6,2644,false,0,0,0,0,0,0,0,0,0,0,5,6,1,0,,4,1,,0,0,0,0,0,0,0,0,false
deepseek-v4-flash,niffler,t08-logsum,pass,false,22.4,22.1,1,58717,4050,2699,51968,0,0.005678,0.004765607999999999,71,3,2641,false,0,0,0,0,0,0,0,0,0,0,10,9,0,1,,5,2,1,0,0,0,0,0,0,0,0,false
deepseek-v4-flash,niffler,t09-poolrace,pass,false,9.2,7.7,1,15485,1732,697,13056,0,0.001650,0.001434336,5,1,2659,false,0,0,0,0,0,0,0,0,0,0,4,3,0,0,,2,,1,0,0,0,0,0,0,0,0,false
deepseek-v4-flash,niffler,t10-iniparse,pass,false,14.6,13.3,1,21799,2355,1012,18432,0,0.002336,0.0020314919999999998,7,6,2647,false,0,0,0,0,0,0,0,0,0,0,5,6,0,0,,5,,1,0,0,0,0,0,0,0,0,false
deepseek-v4-flash,niffler,t11-asyncbugs,pass,false,10.6,10.4,1,22557,3080,1045,18432,0,0.002579,0.002288592,5,10,2644,false,0,0,0,0,0,0,0,0,0,0,5,5,1,0,,3,1,,0,0,0,0,0,0,0,0,false
deepseek-v4-flash,niffler,t12-refactor,pass,false,8,7.7,1,19675,2237,542,16896,0,0.001724,0.001422876,2,4,2650,false,0,0,0,0,0,0,0,0,0,0,5,5,0,0,,4,1,,0,0,0,0,0,0,0,0,false
deepseek-v4-flash,niffler,t13-batchrename,pass,false,6.4,6.2,1,22692,3013,479,19200,0,0.001936,0.0015938999999999999,27,27,2666,false,0,0,0,0,0,0,0,0,0,0,5,4,0,0,,4,,,0,0,0,0,0,0,0,0,false
deepseek-v4-flash,niffler,t14-todosweep,pass,false,12.6,12.5,1,28054,2607,1383,24064,0,0.002988,0.0025860839999999998,18,0,2659,false,0,0,0,0,0,0,0,0,0,0,6,9,4,0,,4,,1,0,0,0,0,0,0,0,0,false
deepseek-v4-flash,niffler,t15-pollstats,pass,false,14,13.8,1,54542,7276,1314,45952,0,0.004844,0.004035311999999999,1,0,2671,false,0,0,0,0,0,0,0,0,0,0,8,10,0,0,,4,,,5,1,4,0,0,5,9712,1,false
deepseek-v4-flash,niffler,t16-apisum,pass,false,16.6,15.5,1,31718,3433,765,27520,0,0.002614,0.00211302,18,0,2673,false,0,0,0,0,0,0,0,0,0,0,7,9,4,0,,4,,1,0,0,0,0,0,0,0,0,false
deepseek-v4-flash,niffler,t17-doccheck,pass,false,20.1,19.7,1,52682,3333,1989,47360,0,0.004537,0.0036708599999999997,131,0,2751,false,0,0,0,0,0,0,0,0,0,0,10,9,1,0,,6,,2,0,0,0,0,0,0,0,0,false
deepseek-v4-flash,niffler,t18-lruttl,pass,false,13.8,13.6,1,28214,3586,1972,22656,0,0.003897,0.003578136,100,12,2658,false,0,0,0,0,0,0,0,0,0,0,5,7,3,0,,3,,1,0,0,0,0,0,0,0,0,false
deepseek-v4-flash,niffler,t19-tokbucket,pass,false,11,11,1,25091,3472,1267,20352,0,0.002997,0.002684112,25,11,2636,false,0,0,0,0,0,0,0,0,0,0,5,6,3,0,,2,1,,0,0,0,0,0,0,0,0,false
deepseek-v4-flash,niffler,t20-jsonpatch,pass,false,37.7,37.5,1,77624,4782,7818,65024,0,0.012086,0.011206344000000002,241,13,2654,false,0,0,0,0,0,0,0,0,0,0,8,7,1,0,,5,,1,0,0,0,0,0,0,0,0,false
deepseek-v4-flash,niffler,t21-wireproto,pass,false,15,14.7,1,27545,3604,2821,21120,0,0.004827,0.00459312,63,8,2637,false,0,0,0,0,0,0,0,0,0,0,4,7,4,0,,2,,1,0,0,0,0,0,0,0,0,false
deepseek-v4-flash,niffler,t22-cronnext,pass,false,22.4,22.3,1,35177,4344,3569,27264,0,0.006061,0.005749583999999999,113,16,2655,false,0,0,0,0,0,0,0,0,0,0,5,7,4,0,,2,,1,0,0,0,0,0,0,0,0,false
deepseek-v4-flash,niffler,t23-mergesched,pass,false,16.7,16.2,1,23832,2693,2451,18688,0,0.004080,0.003861228,76,4,2635,false,0,0,0,0,0,0,0,0,0,0,4,7,3,0,,3,,1,0,0,0,0,0,0,0,0,false
deepseek-v4-flash,niffler,t24-editops,pass,false,31.6,31.4,1,75708,5140,5160,65408,0,0.009168,0.008126448,96,11,2647,false,0,0,0,0,0,0,0,0,0,0,9,10,3,0,,4,2,1,0,0,0,0,0,0,0,0,false
deepseek-v4-flash,niffler,t25-shardmap,pass,false,16.9,15.2,1,25711,3379,1340,20992,0,0.003072,0.002747652,78,16,2651,false,0,0,0,0,0,0,0,0,0,0,5,8,5,0,,2,,1,0,0,0,0,0,0,0,0,false
deepseek-v4-flash,niffler,t26-logfilter,pass,false,39.5,39.4,1,62070,3765,8129,50176,0,0.011737,0.011185356,257,4,2623,false,0,0,0,0,0,0,0,0,0,0,7,9,4,0,,4,,1,0,0,0,0,0,0,0,0,false
deepseek-v4-flash,niffler,t27-tarpeek,pass,false,40.4,39.5,1,86029,4731,5138,76160,0,0.009329,0.00804186,71,1,2650,false,0,0,0,0,0,0,0,0,0,0,12,11,1,0,,8,1,1,0,0,0,0,0,0,0,0,false
deepseek-v4-flash,niffler,t28-docbackfill,pass,false,67,66.4,1,102935,13214,3961,85760,0,0.010656,0.009231959999999999,18,9,2705,false,0,0,0,0,0,0,0,0,0,0,10,32,3,0,,6,18,,4,1,3,0,0,4,7784,1,false
deepseek-v4-flash,niffler,t29-logrollup,pass,false,9.2,9.1,1,25728,2691,765,22272,0,0.002257,0.001858932,436,0,2690,false,0,0,0,0,0,0,0,0,0,0,6,5,0,0,,4,,1,0,0,0,0,0,0,0,0,false
deepseek-v4-flash,niffler,t30-ifacedrift,pass,false,12.1,11.9,1,32696,6227,741,25728,0,0.003327,0.0029116679999999996,48,48,2688,false,0,0,0,0,0,0,0,0,0,0,5,8,4,0,,4,,,0,0,0,0,0,0,0,0,false
deepseek-v4-flash,niffler,t31-tinyrename,pass,false,22.3,21.9,1,39827,3929,826,35072,0,0.003036,0.002380332,6,6,2648,false,0,0,0,0,0,0,0,0,0,0,8,7,0,1,,3,3,,0,0,0,0,0,0,0,0,false
